id,name,state_id
opa_ecomm_essentials.city00000001,CUENCA,AZUAY
opa_ecomm_essentials.city00000002,CAPULISPAMBA,AZUAY
opa_ecomm_essentials.city00000003,BAÑOS (AZ),AZUAY
opa_ecomm_essentials.city00000004,RICAURTE (AZ),AZUAY
opa_ecomm_essentials.city00000005,SAN JOAQUIN,AZUAY
opa_ecomm_essentials.city00000006,SAYAUSI,AZUAY
opa_ecomm_essentials.city00000007,TURI,AZUAY
opa_ecomm_essentials.city00000008,SININCAY (RACAR),AZUAY
opa_ecomm_essentials.city00000009,CAMILO PONCE ENRIQUEZ,AZUAY
opa_ecomm_essentials.city00000010,CHORDELEG,AZUAY
opa_ecomm_essentials.city00000011,CUMBE,AZUAY
opa_ecomm_essentials.city00000012,SANTA ANA (AZ),AZUAY
opa_ecomm_essentials.city00000013,TARQUI (AZ),AZUAY
opa_ecomm_essentials.city00000014,VALLE /AZ),AZUAY
opa_ecomm_essentials.city00000015,VICTORIA DEL PORTETE (IRQUIS),AZUAY
opa_ecomm_essentials.city00000016,EL PAN (AZ),AZUAY
opa_ecomm_essentials.city00000017,GIRON,AZUAY
opa_ecomm_essentials.city00000018,GUACHAPALA,AZUAY
opa_ecomm_essentials.city00000019,GUALACEO,AZUAY
opa_ecomm_essentials.city00000020,PAUTE,AZUAY
opa_ecomm_essentials.city00000021,SAN FERNANDO,AZUAY
opa_ecomm_essentials.city00000022,SANTA ISABEL (CHAGUARURCO),AZUAY
opa_ecomm_essentials.city00000023,SEVILLA DE ORO,AZUAY
opa_ecomm_essentials.city00000024,SIGSIG,AZUAY
opa_ecomm_essentials.city00000025,SAN BARTOLOME,AZUAY
opa_ecomm_essentials.city00000026,COJITAMBO (AZ),AZUAY
opa_ecomm_essentials.city00000027,BIBLIAN,AZUAY
opa_ecomm_essentials.city00000028,NAZON (CAB. EN PAMPA DE DOMINGUEZ),AZUAY
opa_ecomm_essentials.city00000029,CAÑAR (AZ),AZUAY
opa_ecomm_essentials.city00000030,DUCUR,AZUAY
opa_ecomm_essentials.city00000031,DELEG,AZUAY
opa_ecomm_essentials.city00000032,EL TAMBO,AZUAY
opa_ecomm_essentials.city00000033,NABON,AZUAY
opa_ecomm_essentials.city00000034,SUSCAL,AZUAY
opa_ecomm_essentials.city00000035,GUARANDA,BOLIVAR
opa_ecomm_essentials.city00000036,SAN JOSE DE CHIMBO,BOLIVAR
opa_ecomm_essentials.city00000037,GUANUJO,BOLIVAR
opa_ecomm_essentials.city00000038,SALINAS (BO),BOLIVAR
opa_ecomm_essentials.city00000039,SAN MIGUEL (BO),BOLIVAR
opa_ecomm_essentials.city00000040,AZOGUES,CAÑAR
opa_ecomm_essentials.city00000041,SAN FRANCISCO (CÑ),CAÑAR
opa_ecomm_essentials.city00000042,COJITAMBO (CÑ),CAÑAR
opa_ecomm_essentials.city00000043,JAVIER LOYOLA (CHUQUIPATA),CAÑAR
opa_ecomm_essentials.city00000044,AURELIO BAYAS,CAÑAR
opa_ecomm_essentials.city00000045,LUIS CORDERO,CAÑAR
opa_ecomm_essentials.city00000046,TULCAN,CARCHI
opa_ecomm_essentials.city00000047,BOLIVAR (CA),CARCHI
opa_ecomm_essentials.city00000048,EL ÁNGEL,CARCHI
opa_ecomm_essentials.city00000049,LA PAZ,CARCHI
opa_ecomm_essentials.city00000050,CRISTOBAL COLON (CA),CARCHI
opa_ecomm_essentials.city00000051,SAN GABRIEL,CARCHI
opa_ecomm_essentials.city00000052,HUACA,CARCHI
opa_ecomm_essentials.city00000053,JULIO ANDRADE (OREJUELA),CARCHI
opa_ecomm_essentials.city00000054,LATACUNGA,COTOPAXI
opa_ecomm_essentials.city00000055,MULALO (LASSO),COTOPAXI
opa_ecomm_essentials.city00000056,PUJILI,COTOPAXI
opa_ecomm_essentials.city00000057,SAQUISILI ,COTOPAXI
opa_ecomm_essentials.city00000058,SALCEDO,COTOPAXI
opa_ecomm_essentials.city00000059,ANTONIO JOSE HOLGUIN (SANTA LUCIA),COTOPAXI
opa_ecomm_essentials.city00000060,CUSUBAMBA,COTOPAXI
opa_ecomm_essentials.city00000061,MULALILLO,COTOPAXI
opa_ecomm_essentials.city00000062,MULLIQUINDIL (SANTA ANA),COTOPAXI
opa_ecomm_essentials.city00000063,PANSALEO (EL YAMBO),COTOPAXI
opa_ecomm_essentials.city00000064,YANAYACU,COTOPAXI
opa_ecomm_essentials.city00000065,CUMCHIBAMBA,COTOPAXI
opa_ecomm_essentials.city00000066,RIOBAMBA,CHIMBORAZO
opa_ecomm_essentials.city00000067,CHAMBO,CHIMBORAZO
opa_ecomm_essentials.city00000068,CAJABAMBA,CHIMBORAZO
opa_ecomm_essentials.city00000069,GUAMOTE,CHIMBORAZO
opa_ecomm_essentials.city00000070,EL ROSARIO (GUANO) (CH),CHIMBORAZO
opa_ecomm_essentials.city00000071,LA MATRIZ (GUANO) (CH),CHIMBORAZO
opa_ecomm_essentials.city00000072,GUANO (CH),CHIMBORAZO
opa_ecomm_essentials.city00000073,SAN JUAN CHICO (CH),CHIMBORAZO
opa_ecomm_essentials.city00000074,ALAUSI,CHIMBORAZO
opa_ecomm_essentials.city00000075,CHUNCHI,CHIMBORAZO
opa_ecomm_essentials.city00000076,MACHALA,EL ORO
opa_ecomm_essentials.city00000077,PUERTO BOLÍVAR,EL ORO
opa_ecomm_essentials.city00000078,EL CAMBIO,EL ORO
opa_ecomm_essentials.city00000079,ARENILLAS,EL ORO
opa_ecomm_essentials.city00000080,LA IBERIA,EL ORO
opa_ecomm_essentials.city00000081,ECUADOR,EL ORO
opa_ecomm_essentials.city00000082,EL PARAÍSO (EO),EL ORO
opa_ecomm_essentials.city00000083,MILTON REYES,EL ORO
opa_ecomm_essentials.city00000084,UNIÓN LOJANA (EO),EL ORO
opa_ecomm_essentials.city00000085,BOLÍVAR (EO),EL ORO
opa_ecomm_essentials.city00000086,OCHOA LEÓN (MATRIZ) (EO),EL ORO
opa_ecomm_essentials.city00000087,EL GUABO,EL ORO
opa_ecomm_essentials.city00000088,PASAJE,EL ORO
opa_ecomm_essentials.city00000089,NUEVO SANTA ROSA (EO),EL ORO
opa_ecomm_essentials.city00000090,EL RETIRO,EL ORO
opa_ecomm_essentials.city00000091,HUALTACO,EL ORO
opa_ecomm_essentials.city00000092,BUENAVISTA (EO),EL ORO
opa_ecomm_essentials.city00000093,LA PEAÑA,EL ORO
opa_ecomm_essentials.city00000094,PROGRESO (EO),EL ORO
opa_ecomm_essentials.city00000095,PUERTO JELÍ,EL ORO
opa_ecomm_essentials.city00000096,BELLAVISTA (EO),EL ORO
opa_ecomm_essentials.city00000097,LA AVANZADA,EL ORO
opa_ecomm_essentials.city00000098,HUAQUILLAS,EL ORO
opa_ecomm_essentials.city00000099,SANTA ROSA (EO),EL ORO
opa_ecomm_essentials.city00000100,PIÑAS (EO),EL ORO
opa_ecomm_essentials.city00000101,LA SUSAYA,EL ORO
opa_ecomm_essentials.city00000102,PIÑAS GRANDE (EO),EL ORO
opa_ecomm_essentials.city00000103,LA MATRIZ (EO),EL ORO
opa_ecomm_essentials.city00000104,BALSAS,EL ORO
opa_ecomm_essentials.city00000105,BELLAMARIA,EL ORO
opa_ecomm_essentials.city00000106,MARCABELI,EL ORO
opa_ecomm_essentials.city00000107,SARACAY,EL ORO
opa_ecomm_essentials.city00000108,PORTOVELO,EL ORO
opa_ecomm_essentials.city00000109,ZARUMA,EL ORO
opa_ecomm_essentials.city00000110,ESMERALDAS,ESMERALDAS
opa_ecomm_essentials.city00000111,TONCHIGUE,ESMERALDAS
opa_ecomm_essentials.city00000112,SAN MATEO (ES),ESMERALDAS
opa_ecomm_essentials.city00000113,TACHINA,ESMERALDAS
opa_ecomm_essentials.city00000114,VUELTA LARGA,ESMERALDAS
opa_ecomm_essentials.city00000115,ATACAMES,ESMERALDAS
opa_ecomm_essentials.city00000116,SAME,ESMERALDAS
opa_ecomm_essentials.city00000117,SUA (CAB. EN LA BOCANA),ESMERALDAS
opa_ecomm_essentials.city00000118,TONSUPA,ESMERALDAS
opa_ecomm_essentials.city00000119,SAN LORENZO,ESMERALDAS
opa_ecomm_essentials.city00000120,MUISNE,ESMERALDAS
opa_ecomm_essentials.city00000121,ROSA ZARATE (QUININDE),ESMERALDAS
opa_ecomm_essentials.city00000122,GUAYAQUIL,GUAYAS
opa_ecomm_essentials.city00000123,EL RECREO (GY),GUAYAS
opa_ecomm_essentials.city00000124,ELOY ALFARO (DURÁN) (GY),GUAYAS
opa_ecomm_essentials.city00000125,PASCUALES,GUAYAS
opa_ecomm_essentials.city00000126,LA PUNTILLA (SATÉLITE),GUAYAS
opa_ecomm_essentials.city00000127,SAMBORONDÓN,GUAYAS
opa_ecomm_essentials.city00000128,LA TRONCAL,GUAYAS
opa_ecomm_essentials.city00000129,MANUEL J. CALLE,GUAYAS
opa_ecomm_essentials.city00000130,CUMANDA,GUAYAS
opa_ecomm_essentials.city00000131,BALAO,GUAYAS
opa_ecomm_essentials.city00000132,BALZAR,GUAYAS
opa_ecomm_essentials.city00000133,SAN JACINTO (GY),GUAYAS
opa_ecomm_essentials.city00000134,LA AURORA (SATÉLITE),GUAYAS
opa_ecomm_essentials.city00000135,LAUREL,GUAYAS
opa_ecomm_essentials.city00000136,LIMONAL,GUAYAS
opa_ecomm_essentials.city00000137,VICENTE PIEDRAHITA,GUAYAS
opa_ecomm_essentials.city00000138,EL TRIUNFO,GUAYAS
opa_ecomm_essentials.city00000139,JUAN GOMEZ RENDON (PROGRESO) (GY),GUAYAS
opa_ecomm_essentials.city00000140,MORRO,GUAYAS
opa_ecomm_essentials.city00000141,DAULE,GUAYAS
opa_ecomm_essentials.city00000142,CHONGON,GUAYAS
opa_ecomm_essentials.city00000143,NARCISA DE JESUS (NOBOL),GUAYAS
opa_ecomm_essentials.city00000144,GENERAL VILLAMIL (PLAYAS),GUAYAS
opa_ecomm_essentials.city00000145,TARIFA,GUAYAS
opa_ecomm_essentials.city00000146,POSORJA,GUAYAS
opa_ecomm_essentials.city00000147,TENGUEL,GUAYAS
opa_ecomm_essentials.city00000148,ISIDRO AYORA (GY),GUAYAS
opa_ecomm_essentials.city00000149,LOMAS DE SARGENTILLO,GUAYAS
opa_ecomm_essentials.city00000150,MARISCAL SUCRE (HUAQUES) (GY),GUAYAS
opa_ecomm_essentials.city00000151,ROBERTO ASTUDILLO (CAB. EN CRUCE DE VENECIA),GUAYAS
opa_ecomm_essentials.city00000152,JESUS MARIA,GUAYAS
opa_ecomm_essentials.city00000153,NARANJAL,GUAYAS
opa_ecomm_essentials.city00000154,SAN CARLOS (GY),GUAYAS
opa_ecomm_essentials.city00000155,SANTA ROSA DE FLANDES (GY),GUAYAS
opa_ecomm_essentials.city00000156,TAURA,GUAYAS
opa_ecomm_essentials.city00000157,NARANJITO,GUAYAS
opa_ecomm_essentials.city00000158,PALESTINA,GUAYAS
opa_ecomm_essentials.city00000159,PEDRO CARBO,GUAYAS
opa_ecomm_essentials.city00000160,SABANILLA,GUAYAS
opa_ecomm_essentials.city00000161,VALLE DE LA VIRGEN (GY),GUAYAS
opa_ecomm_essentials.city00000162,EL SALITRE (LAS RAMAS),GUAYAS
opa_ecomm_essentials.city00000163,GENERAL VERNAZA (DOS ESTEROS),GUAYAS
opa_ecomm_essentials.city00000164,JUNQUILLAL,GUAYAS
opa_ecomm_essentials.city00000165,LA VICTORIA (ÑAUZA),GUAYAS
opa_ecomm_essentials.city00000166,VIRGEN DE FATIMA (GY),GUAYAS
opa_ecomm_essentials.city00000167,SANTA LUCIA,GUAYAS
opa_ecomm_essentials.city00000168,CORONEL LORENZO DE GARAICOA (PEDREGAL),GUAYAS
opa_ecomm_essentials.city00000169,CASCOL,GUAYAS
opa_ecomm_essentials.city00000170,ATAHUALPA (GY),GUAYAS
opa_ecomm_essentials.city00000171,CHANDUY,GUAYAS
opa_ecomm_essentials.city00000172,GENERAL ELIZALDE (BUCAY) ,GUAYAS
opa_ecomm_essentials.city00000173,MILAGRO,GUAYAS
opa_ecomm_essentials.city00000174,CHOBO,GUAYAS
opa_ecomm_essentials.city00000175,SAN JACINTO DE YAGUACHI (GY),GUAYAS
opa_ecomm_essentials.city00000176,CORONEL MARCELINO MARIDUEÑA (SAN CARLOS) (GY),GUAYAS
opa_ecomm_essentials.city00000177,IBARRA,IMBABURA
opa_ecomm_essentials.city00000178,PIMAMPIRO,IMBABURA
opa_ecomm_essentials.city00000179,URCUQUI (YACHAY),IMBABURA
opa_ecomm_essentials.city00000180,IMBAYA (SANTAGO DEL REY),IMBABURA
opa_ecomm_essentials.city00000181,MIRA,IMBABURA
opa_ecomm_essentials.city00000182,SAN ANTONIO (IM),IMBABURA
opa_ecomm_essentials.city00000183,LA DOLOROSA DEL PRIORATO,IMBABURA
opa_ecomm_essentials.city00000184,ATUNTAQUI,IMBABURA
opa_ecomm_essentials.city00000185,SAN ROQUE,IMBABURA
opa_ecomm_essentials.city00000186,SAN FRANCISCO DE NATABUELA (IM),IMBABURA
opa_ecomm_essentials.city00000187,SAN JOSE DE CHALTURA (IM),IMBABURA
opa_ecomm_essentials.city00000188,ANDRADE MARÍN  (LOURDES) ,IMBABURA
opa_ecomm_essentials.city00000189,OTAVALO,IMBABURA
opa_ecomm_essentials.city00000190,SAGRARIO (IM),IMBABURA
opa_ecomm_essentials.city00000191,SAN FRANCISCO (IM),IMBABURA
opa_ecomm_essentials.city00000192,QUIROGA,IMBABURA
opa_ecomm_essentials.city00000193,EUGENIO ESPEJO (CALPAQUI),IMBABURA
opa_ecomm_essentials.city00000194,COTACACHI,IMBABURA
opa_ecomm_essentials.city00000195,LOJA,LOJA
opa_ecomm_essentials.city00000196,EL SAGRARIO (LO),LOJA
opa_ecomm_essentials.city00000197,SAN SEBASTIÁN,LOJA
opa_ecomm_essentials.city00000198,SUCRE (LO),LOJA
opa_ecomm_essentials.city00000199,VALLE (LO),LOJA
opa_ecomm_essentials.city00000200,BABAHOYO,LOS RIOS
opa_ecomm_essentials.city00000201,"(PUEBLO NUEVO), BABAHOYO",LOS RIOS
opa_ecomm_essentials.city00000202,ALFREDO BAQUERIZO MORENO (JUJAN),LOS RIOS
opa_ecomm_essentials.city00000203,TRES POSTES,LOS RIOS
opa_ecomm_essentials.city00000204,SIMON BOLIVAR (LR),LOS RIOS
opa_ecomm_essentials.city00000205,BABA,LOS RIOS
opa_ecomm_essentials.city00000206,ISLA DE BEJUCAL,LOS RIOS
opa_ecomm_essentials.city00000207,FEBRES CORDERO (LAS JUNTAS) MATA DE CACAO,LOS RIOS
opa_ecomm_essentials.city00000208,MONTALVO,LOS RIOS
opa_ecomm_essentials.city00000209,PUEBLOVIEJO,LOS RIOS
opa_ecomm_essentials.city00000210,SAN JUAN (LR),LOS RIOS
opa_ecomm_essentials.city00000211,CATARAMA,LOS RIOS
opa_ecomm_essentials.city00000212,RICAURTE,LOS RIOS
opa_ecomm_essentials.city00000213,VENTANAS,LOS RIOS
opa_ecomm_essentials.city00000214,VINCES CENTRAL,LOS RIOS
opa_ecomm_essentials.city00000215,SAN LORENZO DE VINCES,LOS RIOS
opa_ecomm_essentials.city00000216,QUEVEDO,LOS RIOS
opa_ecomm_essentials.city00000217,EL CARMEN (LA MANA) (LR),LOS RIOS
opa_ecomm_essentials.city00000218,LA MANÁ  (LR),LOS RIOS
opa_ecomm_essentials.city00000219,VELASCO IBARRA (CAB. EL EMPALME) (LR),LOS RIOS
opa_ecomm_essentials.city00000220,SAN JACINTO DE BUENA FÉ (LR),LOS RIOS
opa_ecomm_essentials.city00000221,7 DE AGOSTO,LOS RIOS
opa_ecomm_essentials.city00000222,11 DE OCTUBRE,LOS RIOS
opa_ecomm_essentials.city00000223,MOCACHE,LOS RIOS
opa_ecomm_essentials.city00000224,VALENCIA (LR),LOS RIOS
opa_ecomm_essentials.city00000225,LA UNION (LR),LOS RIOS
opa_ecomm_essentials.city00000226,SAN CARLOS (LR),LOS RIOS
opa_ecomm_essentials.city00000227,LA ESPERANZA,LOS RIOS
opa_ecomm_essentials.city00000228,SANTO DOMINGO,SANTO DOMINGO DE LOS TSACHILAS
opa_ecomm_essentials.city00000229,PATRICIA PILAR,SANTO DOMINGO DE LOS TSACHILAS
opa_ecomm_essentials.city00000230,PUERTO LIMON (SD),SANTO DOMINGO DE LOS TSACHILAS
opa_ecomm_essentials.city00000231,LUZ DE AMERICA (KM26),SANTO DOMINGO DE LOS TSACHILAS
opa_ecomm_essentials.city00000232,SAN JACINTO DEL BUA (SD),SANTO DOMINGO DE LOS TSACHILAS
opa_ecomm_essentials.city00000233,VALLE HERMOSO,SANTO DOMINGO DE LOS TSACHILAS
opa_ecomm_essentials.city00000234,EL ESFUERZO,SANTO DOMINGO DE LOS TSACHILAS
opa_ecomm_essentials.city00000235,MANUEL CORNEJO ASTORGA (TANDAPI),SANTO DOMINGO DE LOS TSACHILAS
opa_ecomm_essentials.city00000236,LOS ANGELES,SANTO DOMINGO DE LOS TSACHILAS
opa_ecomm_essentials.city00000237,ALLURIQUIN,SANTO DOMINGO DE LOS TSACHILAS
opa_ecomm_essentials.city00000238,LA CONCORDIA,SANTO DOMINGO DE LOS TSACHILAS
opa_ecomm_essentials.city00000239,LA UNION (SD),SANTO DOMINGO DE LOS TSACHILAS
opa_ecomm_essentials.city00000240,LA INDEPENDENCIA,SANTO DOMINGO DE LOS TSACHILAS
opa_ecomm_essentials.city00000241,PTO. AYORA (ISLA  STA. CRUZ),GALAPAGOS
opa_ecomm_essentials.city00000242,PTO. BAQUERIZO  MORENO (ISLA  SAN CRISTOBAL),GALAPAGOS
opa_ecomm_essentials.city00000243,CHONE,MANABI
opa_ecomm_essentials.city00000244,CALCETA (BOLIVAR)(MA),MANABI
opa_ecomm_essentials.city00000245,BOYACA,MANABI
opa_ecomm_essentials.city00000246,CANUTO,MANABI
opa_ecomm_essentials.city00000247,RICAURTE (MA),MANABI
opa_ecomm_essentials.city00000248,SAN ANTONIO (MA),MANABI
opa_ecomm_essentials.city00000249,FLAVIO ALFARO,MANABI
opa_ecomm_essentials.city00000250,ZAPALLO,MANABI
opa_ecomm_essentials.city00000251,JUNIN,MANABI
opa_ecomm_essentials.city00000252,TOSAGUA,MANABI
opa_ecomm_essentials.city00000253,SANTA RITA (MA),MANABI
opa_ecomm_essentials.city00000254,BACHILLERO,MANABI
opa_ecomm_essentials.city00000255,ANGEL PEDRO GILER (LA ESTANCILLA),MANABI
opa_ecomm_essentials.city00000256,EL CARMEN,MANABI
opa_ecomm_essentials.city00000257,4 DE DICIEMBRE,MANABI
opa_ecomm_essentials.city00000258,MANTA,MANABI
opa_ecomm_essentials.city00000259,SAN MATEO (MA),MANABI
opa_ecomm_essentials.city00000260,ANÍBAL SAN ANDRÉS,MANABI
opa_ecomm_essentials.city00000261,GENERAL ELOY ALFARO (MA),MANABI
opa_ecomm_essentials.city00000262,MONTECRISTI,MANABI
opa_ecomm_essentials.city00000263,EL COLORADO,MANABI
opa_ecomm_essentials.city00000264,JARAMIJO,MANABI
opa_ecomm_essentials.city00000265,LEONIDAS PROAÑO,MANABI
opa_ecomm_essentials.city00000266,PORTOVIEJO,MANABI
opa_ecomm_essentials.city00000267,ABDON CALDERON (SAN FRANCISCO) (MA),MANABI
opa_ecomm_essentials.city00000268,COLÓN (MA),MANABI
opa_ecomm_essentials.city00000269,CRUCITA,MANABI
opa_ecomm_essentials.city00000270,RIOCHICO (RIO CHICO),MANABI
opa_ecomm_essentials.city00000271,ROCAFUERTE (MA),MANABI
opa_ecomm_essentials.city00000272,LODANA,MANABI
opa_ecomm_essentials.city00000273,PICOAZA,MANABI
opa_ecomm_essentials.city00000274,SANTA ANA (MA) ,MANABI
opa_ecomm_essentials.city00000275,BAHÍA DE CARÁQUEZ,MANABI
opa_ecomm_essentials.city00000276,LEONIDAS PLAZA GUTIÉRREZ,MANABI
opa_ecomm_essentials.city00000277,CHARAPOTO(SAN CLEMENTE),MANABI
opa_ecomm_essentials.city00000278,SAN VICENTE,MANABI
opa_ecomm_essentials.city00000279,CANOA,MANABI
opa_ecomm_essentials.city00000280,JIPIJAPA,MANABI
opa_ecomm_essentials.city00000281,DOCTOR MIGUEL MORÁN LUCIO ,MANABI
opa_ecomm_essentials.city00000282,MANUEL INOCENCIO PARRALES Y GUALE,MANABI
opa_ecomm_essentials.city00000283,SAN LORENZO DE JIPIJAPA (MA),MANABI
opa_ecomm_essentials.city00000284,PUERTO DE CAYO,MANABI
opa_ecomm_essentials.city00000285,PAJAN,MANABI
opa_ecomm_essentials.city00000286,PUERTO LOPEZ,MANABI
opa_ecomm_essentials.city00000287,LA PILA,MANABI
opa_ecomm_essentials.city00000288,MACHALILLA,MANABI
opa_ecomm_essentials.city00000289,PEDERNALES,MANABI
opa_ecomm_essentials.city00000290,JAMA,MANABI
opa_ecomm_essentials.city00000291,MACAS,MORONA SANTIAGO
opa_ecomm_essentials.city00000292,GENERAL PROAÑO,MORONA SANTIAGO
opa_ecomm_essentials.city00000293,SEVILLA DON BOSCO (MS),MORONA SANTIAGO
opa_ecomm_essentials.city00000294,RIO BLANCO,MORONA SANTIAGO
opa_ecomm_essentials.city00000295,SUCUA,MORONA SANTIAGO
opa_ecomm_essentials.city00000296,EL TENA,NAPO
opa_ecomm_essentials.city00000297,ARCHIDONA,NAPO
opa_ecomm_essentials.city00000298,EL COCA,ORELLANA
opa_ecomm_essentials.city00000299,PUERTO FRCO. ORELLANA,ORELLANA
opa_ecomm_essentials.city00000300, ALEJANDRO LABAKA,ORELLANA
opa_ecomm_essentials.city00000301,EL DORADO,ORELLANA
opa_ecomm_essentials.city00000302,LA JOYA DE LOS SACHAS,ORELLANA
opa_ecomm_essentials.city00000303,EL PUYO,PASTAZA
opa_ecomm_essentials.city00000304,FATIMA (PA),PASTAZA
opa_ecomm_essentials.city00000305,TARQUI (PA),PASTAZA
opa_ecomm_essentials.city00000306,VERACRUZ (INDILLAMA) (CAB. EN INDILLAMA),PASTAZA
opa_ecomm_essentials.city00000307,MERA,PASTAZA
opa_ecomm_essentials.city00000308,MADRE TIERRA,PASTAZA
opa_ecomm_essentials.city00000309,SHELL,PASTAZA
opa_ecomm_essentials.city00000310,QUITO,PICHINCHA
opa_ecomm_essentials.city00000311,CALDERON (CARAPUNGO) (PI),PICHINCHA
opa_ecomm_essentials.city00000312,CONOCOTO,PICHINCHA
opa_ecomm_essentials.city00000313,CUMBAYA,PICHINCHA
opa_ecomm_essentials.city00000314,GUAMANÍ,PICHINCHA
opa_ecomm_essentials.city00000315,LA ECUATORIANA,PICHINCHA
opa_ecomm_essentials.city00000316,LLANO CHICO,PICHINCHA
opa_ecomm_essentials.city00000317,POMASQUI,PICHINCHA
opa_ecomm_essentials.city00000318,SAN ANTONIO (PI),PICHINCHA
opa_ecomm_essentials.city00000319,TUMBACO,PICHINCHA
opa_ecomm_essentials.city00000320,ZAMBIZA,PICHINCHA
opa_ecomm_essentials.city00000321,COTOGCHOA,PICHINCHA
opa_ecomm_essentials.city00000322,SAN RAFAEL (PI),PICHINCHA
opa_ecomm_essentials.city00000323,SANGOLQUÍ,PICHINCHA
opa_ecomm_essentials.city00000324,COCHAPAMBA,PICHINCHA
opa_ecomm_essentials.city00000325,AMAGUAÑA,PICHINCHA
opa_ecomm_essentials.city00000326,TABABELA,PICHINCHA
opa_ecomm_essentials.city00000327,ASCAZUBI,PICHINCHA
opa_ecomm_essentials.city00000328,SANTA ROSA  (PI),PICHINCHA
opa_ecomm_essentials.city00000329,PEDRO VICENTE MALDONADO,PICHINCHA
opa_ecomm_essentials.city00000330,PUERTO QUITO,PICHINCHA
opa_ecomm_essentials.city00000331,ALANGASI,PICHINCHA
opa_ecomm_essentials.city00000332,CALACALI,PICHINCHA
opa_ecomm_essentials.city00000333,CHECA (CHILPA),PICHINCHA
opa_ecomm_essentials.city00000334,EL QUINCHE,PICHINCHA
opa_ecomm_essentials.city00000335,GUANGOPOLO,PICHINCHA
opa_ecomm_essentials.city00000336,GUAYLLABAMBA,PICHINCHA
opa_ecomm_essentials.city00000337,NANEGALITO,PICHINCHA
opa_ecomm_essentials.city00000338,PIFO,PICHINCHA
opa_ecomm_essentials.city00000339,PINTAG,PICHINCHA
opa_ecomm_essentials.city00000340,PUEMBO,PICHINCHA
opa_ecomm_essentials.city00000341,PUENGASI,PICHINCHA
opa_ecomm_essentials.city00000342,SAN MIGUEL DE LOS BANCOS (PI),PICHINCHA
opa_ecomm_essentials.city00000343,YARUQUI,PICHINCHA
opa_ecomm_essentials.city00000344,FAJARDO,PICHINCHA
opa_ecomm_essentials.city00000345,SAN PEDRO DE TABOADA (PI),PICHINCHA
opa_ecomm_essentials.city00000346,NAYON,PICHINCHA
opa_ecomm_essentials.city00000347,LA MERCED (PI),PICHINCHA
opa_ecomm_essentials.city00000348,ILALO,PICHINCHA
opa_ecomm_essentials.city00000349,SANTA ROSA DE CUZUBAMBA,PICHINCHA
opa_ecomm_essentials.city00000350,CAYAMBE,PICHINCHA
opa_ecomm_essentials.city00000351,JUAN MONTALVO (PI),PICHINCHA
opa_ecomm_essentials.city00000352,SAN JOSE DE AYORA (PI),PICHINCHA
opa_ecomm_essentials.city00000353,TABACUNDO,PICHINCHA
opa_ecomm_essentials.city00000354,MACHACHI,PICHINCHA
opa_ecomm_essentials.city00000355,ALOAG,PICHINCHA
opa_ecomm_essentials.city00000356,SILUNCHI,PICHINCHA
opa_ecomm_essentials.city00000357,ALOASI,PICHINCHA
opa_ecomm_essentials.city00000358,CUTUGLAHUA,PICHINCHA
opa_ecomm_essentials.city00000359,TAMBILLO,PICHINCHA
opa_ecomm_essentials.city00000360,UYUMBICHO,PICHINCHA
opa_ecomm_essentials.city00000361,LA LIBERTAD,SANTA ELENA
opa_ecomm_essentials.city00000362,SANTA ROSA (SE),SANTA ELENA
opa_ecomm_essentials.city00000363,ANCONCITO,SANTA ELENA
opa_ecomm_essentials.city00000364,BALLENITA,SANTA ELENA
opa_ecomm_essentials.city00000365,COLONCHE,SANTA ELENA
opa_ecomm_essentials.city00000366,MANGLARALTO,SANTA ELENA
opa_ecomm_essentials.city00000367,SIMON BOLIVAR (JULIO MORENO) (SE),SANTA ELENA
opa_ecomm_essentials.city00000368,SAN JOSE DE ANCON (SE),SANTA ELENA
opa_ecomm_essentials.city00000369,CARLOS ESPINOZA LARREA,SANTA ELENA
opa_ecomm_essentials.city00000370,GENERAL ALBERTO ENRÍQUEZ GALLO,SANTA ELENA
opa_ecomm_essentials.city00000371,VICENTE  ROCAFUERTE (SE),SANTA ELENA
opa_ecomm_essentials.city00000372,SALINAS (SE),SANTA ELENA
opa_ecomm_essentials.city00000373,JOSE LUIS TAMAYO (MUEY),SANTA ELENA
opa_ecomm_essentials.city00000374,SANTA ELENA,SANTA ELENA
opa_ecomm_essentials.city00000375,NUEVA LOJA (LAGO AGRIO),SUCUMBIOS
opa_ecomm_essentials.city00000376,EL ENO,SUCUMBIOS
opa_ecomm_essentials.city00000377,SANTA CECILIA,SUCUMBIOS
opa_ecomm_essentials.city00000378,SHUSHUFINDI,SUCUMBIOS
opa_ecomm_essentials.city00000379,AMBATO,TUNGURAHUA
opa_ecomm_essentials.city00000380,ATAHUALPA (CHISALATA) (TU),TUNGURAHUA
opa_ecomm_essentials.city00000381,AUGUSTO N. MARTINEZ (MUNDUGLEO),TUNGURAHUA
opa_ecomm_essentials.city00000382,HUACHI GRANDE (TU),TUNGURAHUA
opa_ecomm_essentials.city00000383,PICAIGUA,TUNGURAHUA
opa_ecomm_essentials.city00000384,SANTA ROSA (TU),TUNGURAHUA
opa_ecomm_essentials.city00000385,TOTORAS,TUNGURAHUA
opa_ecomm_essentials.city00000386,HUACHI CHICO (TU),TUNGURAHUA
opa_ecomm_essentials.city00000387,PISHILATA,TUNGURAHUA
opa_ecomm_essentials.city00000388,CEVALLOS,TUNGURAHUA
opa_ecomm_essentials.city00000389,MOCHA,TUNGURAHUA
opa_ecomm_essentials.city00000390,PATATE,TUNGURAHUA
opa_ecomm_essentials.city00000391,IZAMBA,TUNGURAHUA
opa_ecomm_essentials.city00000392,BAÑOS DE AGUA SANTA (TU),TUNGURAHUA
opa_ecomm_essentials.city00000393,PELILEO (TU),TUNGURAHUA
opa_ecomm_essentials.city00000394,QUERO,TUNGURAHUA
opa_ecomm_essentials.city00000395,PELILEO GRANDE (TU),TUNGURAHUA
opa_ecomm_essentials.city00000396,SALASACA,TUNGURAHUA
opa_ecomm_essentials.city00000397,CIUDAD NUEVA,TUNGURAHUA
opa_ecomm_essentials.city00000398,PILLARO,TUNGURAHUA
opa_ecomm_essentials.city00000399,TISALEO,TUNGURAHUA
opa_ecomm_essentials.city00000400,ZAMORA,ZAMORA CHINCHIPE
